Parametro,Prehash,Keygen_tiempo,Keygen_ciclos,Tamaño_clave_pub,Tamaño_clave_priv,Firma_tiempo,Firma_ciclos,Tamaño_firma,Verificacion_tiempo,Verificacion_ciclos,Tiempo total,Ciclos_totales
ML-DSA-4x4,N/A,0.000337115,944563,1312,32,0.000938174,2629594,2420,0.000162831,456200,0.00143812,4030357
ML-DSA-6x5,N/A,0.000563943,1580130,1952,32,0.000205831,576785,3309,0.000264175,740356,0.001033949,2897271
ML-DSA-8x7,N/A,0.000926566,2596736,2592,32,0.00381906,10705005,4627,0.000440767,1235336,0.005186393,14537077
