Parametro,Prehash,Keygen_tiempo,Keygen_ciclos,Tamaño_clave_pub,Tamaño_clave_priv,Firma_tiempo,Firma_ciclos,Tamaño_firma,Verificacion_tiempo,Verificacion_ciclos,Tiempo total,Ciclos_totales
ML-DSA-4x4,N/A,4,0.00110358,2859310,1312,32,0.000284242,736614,2420,0.00012438,322196,2456,0.0015122019999999998
ML-DSA-6x5,N/A,6,0.000355633,921432,1952,32,0.000184801,478860,3309,0.000183612,475702,3347,0.000724046
ML-DSA-8x7,N/A,8,0.000562834,1458442,2592,32,0.000545591,1413894,4627,0.000269501,698358,4667,0.0013779260000000002
